{
    "1920x1080": {
        "scale_factor": 0.3882247951291976,
        "img_offset": [
            584.0574564786964,
            95.00756427710371
        ]
    },
    "800x480": {
        "scale_factor": 0.09895657243612313,
        "img_offset": [
            0.44703757873952554,
            -0.7727676511026118
        ]
    }
}